{"count":1,"self":89.656876799999992,"total":228.2226939,"children":{"InitializeActuators":{"count":18,"self":0.0025258999999999998,"total":0.0025258999999999998,"children":null},"InitializeSensors":{"count":18,"self":0.0015366,"total":0.0015366,"children":null},"AgentSendState":{"count":42534,"self":0.67999769999999993,"total":23.966552999999998,"children":{"CollectObservations":{"count":153126,"self":2.3541548,"total":2.3541548,"children":null},"WriteActionMask":{"count":153126,"self":0.11555059999999999,"total":0.11555059999999999,"children":null},"RequestDecision":{"count":153126,"self":0.7213177,"total":20.816849899999998,"children":{"AgentInfo.ToProto":{"count":153126,"self":0.5585331,"total":20.095532199999997,"children":{"GenerateSensorData":{"count":153126,"self":19.536998399999998,"total":19.5369991,"children":null}}}}}}},"DecideAction":{"count":42534,"self":75.5275328,"total":75.5275351,"children":null},"AgentAct":{"count":42534,"self":39.067059199999996,"total":39.0670601,"children":null}},"gauges":{},"metadata":{"timer_format_version":"0.1.0","start_time_seconds":"1766392267","unity_version":"6000.2.6f2","command_line_arguments":"C:\\Program Files\\Unity\\Hub\\Editor\\6000.2.6f2\\Editor\\Unity.exe -projectpath D:\\project\\Dead or Reload -acceptSoftwareTermsForThisRunOnly -useHub -hubIPC -cloudEnvironment production -licensingIpc LicenseClient-jjalj -hubSessionId 499edb9e-1ac3-47c2-a794-8a48ac0f5da2 -accessToken jjpZHntu3QCv7CpLQPochsMXtF9IwTrarsIoe3WwK_000df","communication_protocol_version":"1.5.0","com.unity.ml-agents_version":"2.0.2","scene_name":"TraingingScene","end_time_seconds":"1766392495"}}